{"cameraMode":{"drawMode":0,"name":"Shaded","section":"Shading Mode"},"sceneLighting":false,"audioPlay":false,"sceneViewState":{"m_AlwaysRefresh":false,"showFog":true,"showSkybox":false,"showFlares":true,"showImageEffects":true,"showParticleSystems":true,"showVisualEffectGraphs":true,"m_FxEnabled":true},"in2DMode":false,"pivot":{"x":-4.064700126647949,"y":3.960700035095215,"z":-0.014199972152709961},"rotation":{"x":-0.11269524693489075,"y":-0.6818258166313171,"z":0.10742101818323136,"w":-0.7148939967155457},"size":11.528773307800293,"orthographic":false}